2018 Rank,City Name,State Name,2018 Estimate,2010 Census,Change (%),2016 Land Area (sq mi),2016 Land Area (sq km),2016 Population Density (per sq mi),2016 Population Density (per sq km),Location,Mayor,Time Zone (Summer),Area Codes
1,New York City,New York,8398748,8175133,+2.74,301.5  ,780.9 ,28317 ,10933, ﻿40.6635°N 73.9387°W﻿ ,bill de blasio ,utc−04:00 (edt),212/646/332 718/347/929 917
2,Los Angeles,California,3990456,3792621,+5.22,468.7  ,1213.9 ,8484 ,3276, ﻿34.0194°N 118.4108°W﻿ ,eric garcetti ,utc−07:00 (pdt),213/323 310/424 747/818
3,Chicago,Illinois,2705994,2695598,+0.39,227.3  ,588.7 ,11900 ,4600, ﻿41.8376°N 87.6818°W﻿ ,lori lightfoot ,utc−05:00 (central),312/872 and 773/872
4,Houston,Texas,2325502,2100263,+10.72,637.5  ,1651.1 ,3613 ,1395, ﻿29.7866°N 95.3909°W﻿ ,sylvester turner ,utc−5 (cdt),713 281 832 346
5,Phoenix,Arizona,1660272,1445632,+14.85,517.6  ,1340.6 ,3120 ,1200, ﻿33.5722°N 112.0901°W﻿ ,kate gallego,nan,"east: 480
central: 602
west: 623"
6,Philadelphia,Pennsylvania,1584138,1526006,+3.81,134.2  ,347.6 ,11683 ,4511, ﻿40.0094°N 75.1333°W﻿ ,jim kenney ,utc-4 (edt),215 267 445
7,San Antonio,Texas,1532233,1327407,+15.43,461.0  ,1194.0 ,3238 ,1250, ﻿29.4724°N 98.5251°W﻿ ,ron nirenberg ,utc−5 (cdt),210 (majority) 830 (portions) 726
8,San Diego,California,1425976,1307402,+9.07,325.2  ,842.3 ,4325 ,1670, ﻿32.8153°N 117.1350°W﻿ ,kevin faulconer ,utc−7 (pdt),619 858
9,Dallas,Texas,1345047,1197816,+12.29,340.9  ,882.9 ,3866 ,1493, ﻿32.7933°N 96.7665°W﻿ ,mike rawlings ,utc−5 (central),214 469 972 682 817[4][5]
10,San Jose,California,1030119,945942,+8.90,177.5  ,459.7 ,5777 ,2231, ﻿37.2967°N 121.8189°W﻿ ,sam liccardo[3] ,utc−7 (pacific daylight time),408/669
11,Austin,Texas,964254,790390,+22.00,312.7  ,809.9 ,3031 ,1170, ﻿30.3039°N 97.7544°W﻿ ,steve adler ,utc−5 (cdt),512 & 737
12,Jacksonville,Florida,903889,821784,+9.99,747.4  ,1935.8 ,1178 ,455, ﻿30.3369°N 81.6616°W﻿ ,lenny curry ,utc−4 (edt),904
13,Fort Worth,Texas,895008,741206,+20.75,342.9  ,888.1 ,2491 ,962, ﻿32.7815°N 97.3467°W﻿ ,betsy price ,utc−5 (cdt),682 and 817
14,Columbus,Ohio,892533,787033,+13.40,218.5  ,565.9 ,3936 ,1520, ﻿39.9852°N 82.9848°W﻿ ,andrew j. ginther ,utc-4 (edt),614 380 740
15,San Francisco,California,883305,805235,+9.70,46.9  ,121.5 ,18569 ,7170, ﻿37.7272°N 123.0322°W﻿ ,london breed ,utc−7 (pacific daylight time),415/628[16]
16,Charlotte,North Carolina,872498,731424,+19.29,305.4  ,791.0 ,2757 ,1064, ﻿35.2078°N 80.8310°W﻿ ,vi lyles ,utc−4 (edt),704 980
17,Indianapolis,Indiana,867125,820445,+5.69,361.5  ,936.3 ,2366 ,914, ﻿39.7767°N 86.1459°W﻿ ,joe hogsett ,utc−4 (edt),317 and 463
18,Seattle,Washington,744955,608660,+22.39,83.8  ,217.0 ,8405 ,3245, ﻿47.6205°N 122.3509°W﻿ ,jenny durkan ,utc−7 (pdt),206
19,Denver,Colorado,716492,600158,+19.38,153.3  ,397.0 ,4521 ,1746, ﻿39.7619°N 104.8811°W﻿ ,michael hancock ,utc−6 (mdt),303 and 720
20,Washington D.C.,District of Columbia,702455,601723,+16.74,61.1  ,158.2 ,11148 ,4304, ﻿38.9041°N 77.0172°W﻿ ,muriel bowser ,utc−4 (edt),202
21,Boston,Massachusetts,694583,617594,+12.47,48.3  ,125.1 ,13938 ,5381, ﻿42.3320°N 71.0202°W﻿ ,marty walsh ,utc−4 (edt),617 and 857
22,El Paso,Texas,682669,649121,+5.17,256.8  ,665.1 ,2660 ,1030, ﻿31.8484°N 106.4270°W﻿ ,nan,utc−6 (mdt),915
23,Detroit,Michigan,672662,713777,−5.76,138.8  ,359.5 ,4847 ,1871, ﻿42.3830°N 83.1022°W﻿ ,mike duggan ,utc−4 (edt),313
24,Nashville,Tennessee,669053,601222,+11.28,475.9  ,1232.6 ,1388 ,536, ﻿36.1718°N 86.7850°W﻿ ,david briley[1] ,utc−5 (cdt),615 and 629
25,Portland,Oregon,653115,583776,+11.88,133.5  ,345.8 ,4793 ,1851, ﻿45.5370°N 122.6500°W﻿ ,ted wheeler[2] ,utc−07:00 (pdt),503 and 971
26,Memphis,Tennessee,650618,646889,+0.58,317.4  ,822.1 ,2056 ,794, ﻿35.1028°N 89.9774°W﻿ ,jim strickland ,utc−5 (cdt),901
27,Oklahoma City,Oklahoma,649021,579999,+11.90,606.3  ,1570.3 ,1053 ,407, ﻿35.4671°N 97.5137°W﻿ ,david holt ,utc−5 (cdt),405
28,Las Vegas,Nevada,644644,583756,+10.43,134.4  ,348.1 ,4709 ,1818, ﻿36.2292°N 115.2601°W﻿ ,carolyn goodman ,utc−7 (pdt),nan
29,Louisville,Kentucky,620118,597337,+3.81,263.5  ,682.5 ,2339 ,903, ﻿38.1654°N 85.6474°W﻿ ,greg fischer ,utc-4 (edt),502
30,Baltimore,Maryland,602495,620961,−2.97,80.9  ,209.5 ,7598 ,2934, ﻿39.3000°N 76.6105°W﻿ ,jack young ,utc−4 (edt),410 443 and 667
31,Milwaukee,Wisconsin,592025,594833,−0.47,96.2  ,249.2 ,6186 ,2388, ﻿43.0633°N 87.9667°W﻿ ,tom barrett ,utc−5 (cdt),414
32,Albuquerque,New Mexico,560218,545852,+2.63,188.2  ,487.4 ,2972 ,1147, ﻿35.1056°N 106.6474°W﻿ ,tim keller ,utc−6 (mdt),505 575
33,Tucson,Arizona,545975,520116,+4.97,230.8  ,597.8 ,2299 ,888, ﻿32.1531°N 110.8706°W﻿ ,jonathan rothschild ,nan,520
34,Fresno,California,530093,494665,+7.16,114.4  ,296.3 ,4563 ,1762, ﻿36.7836°N 119.7934°W﻿ ,nan,nan,nan
35,Mesa,Arizona,508958,439041,+15.92,137.9  ,357.2 ,3514 ,1357, ﻿33.4019°N 111.7174°W﻿ ,john giles ,nan,480 602
36,Sacramento,California,508529,466488,+9.01,97.9  ,253.6 ,5059 ,1953, ﻿38.5666°N 121.4686°W﻿ ,darrell steinberg ,utc−7 (pdt),916 and 279
37,Atlanta,Georgia,498044,420003,+18.58,133.5  ,345.8 ,3539 ,1366, ﻿33.7629°N 84.4227°W﻿ ,keisha lance bottoms ,utc−4 (edt),404/678/470/770
38,Kansas City,Missouri,491918,459787,+6.99,315.0  ,815.8 ,1528 ,590, ﻿39.1251°N 94.5510°W﻿ ,sly james ,utc– 05:00 (cdt),816 975 (planned)
39,Colorado Springs,Colorado,472688,416427,+13.51,195.6  ,506.6 ,2378 ,918, ﻿38.8673°N 104.7607°W﻿ ,john suthers,utc−6 (mdt),719
40,Miami,Florida,470914,399457,+17.89,36.0  ,93.2 ,12599 ,4865, ﻿25.7752°N 80.2086°W﻿ ,francis x. suarez ,utc−4 (edt),305 and 786
41,Raleigh,North Carolina,469298,403892,+16.19,145.1  ,375.8 ,3163 ,1221, ﻿35.8306°N 78.6418°W﻿ ,nancy mcfarlane ,utc−04:00 (edt),919 984
42,Omaha,Nebraska,468262,408958,+14.50,133.2  ,345.0 ,3356 ,1296, ﻿41.2644°N 96.0451°W﻿ ,jean stothert ,utc−05:00 (cdt),402 531
43,Long Beach,California,467354,462257,+1.10,50.3  ,130.3 ,9347 ,3609, ﻿33.8092°N 118.1553°W﻿ ,robert garcia ,utc−07:00 (pdt),562
44,Virginia Beach,Virginia,450189,437994,+2.78,244.7  ,633.8 ,1850 ,710, ﻿36.7800°N 76.0252°W﻿ ,bobby dyer ,utc−4 (edt),nan
45,Oakland,California,429082,390724,+9.82,55.9  ,144.8 ,7514 ,2901, ﻿37.7698°N 122.2257°W﻿ ,libby schaaf ,utc−07:00 (pdt),510
46,Minneapolis,Minnesota,425403,382578,+11.19,54.0  ,139.9 ,7660 ,2960, ﻿44.9633°N 93.2683°W﻿ ,jacob frey ,utc–5 (cdt),612
47,Tulsa,Oklahoma,400669,391906,+2.24,196.8  ,509.7 ,2048 ,791, ﻿36.1279°N 95.9023°W﻿ ,g. t. bynum ,utc−5 (cdt),539/918
48,Arlington,Texas,398112,365438,+8.94,95.8  ,248.1 ,4100 ,1600, ﻿32.7007°N 97.1247°W﻿ ,jeff williams ,utc−5 (cdt),817 214 972
49,Tampa,Florida,392890,335709,+17.03,113.4  ,293.7 ,3326 ,1284, ﻿27.9701°N 82.4797°W﻿ ,nan,nan,nan
50,New Orleans,Louisiana,391006,343829,+13.72,169.4  ,438.7 ,2311 ,892, ﻿30.0534°N 89.9345°W﻿ ,latoya cantrell ,utc−5 (cdt),nan
51,Wichita,Kansas,389255,382368,+1.80,160.4  ,415.4 ,2431 ,939, ﻿37.6907°N 97.3459°W﻿ ,jeff longwell ,utc−5 (cdt),316
52,Cleveland,Ohio,383793,396815,−3.28,77.7  ,201.2 ,4965 ,1917, ﻿41.4785°N 81.6794°W﻿ ,frank g. jackson ,utc−4 (edt),216
53,Bakersfield,California,383579,347483,+10.39,148.8  ,385.4 ,2529 ,976, ﻿35.3212°N 119.0183°W﻿ ,karen k. goh ,utc−7 (pdt),661
54,Aurora,Colorado,374114,325078,+15.08,153.5  ,397.6 ,2356 ,910, ﻿39.6880°N 104.6897°W﻿ ,bob legare[4],utc−6 (mdt),both 303 and 720
55,Anaheim,California,352005,336265,+4.68,50.0  ,129.5 ,7021 ,2711, ﻿33.8555°N 117.7601°W﻿ ,harry sidhu[2] ,utc−7 (pdt),657/714
56,Honolulu,Hawaii,347397,337256,+3.01,60.5  ,156.7 ,5815 ,2245, ﻿21.3243°N 157.8476°W﻿ ,kirk caldwell ,nan,808
57,Santa Ana,California,332725,324528,+2.53,27.1  ,70.2 ,12333 ,4762, ﻿33.7363°N 117.8830°W﻿ ,miguel a. pulido[3],utc−7 (pdt),657/714 949
58,Riverside,California,330063,303871,+8.62,81.2  ,210.3 ,3999 ,1544, ﻿33.9381°N 117.3932°W﻿ ,nan,utc−7 (pdt),951
59,Corpus Christi,Texas,326554,305215,+6.99,174.6  ,452.2 ,1866 ,720, ﻿27.7543°N 97.1734°W﻿ ,nan,utc−5 (cdt),361
60,Lexington,Kentucky,323780,295803,+9.46,283.6  ,734.5 ,1123 ,434, ﻿38.0407°N 84.4583°W﻿ ,linda gorton,utc−4 (edt),859
61,Stockton,California,311178,291707,+6.67,61.7  ,159.8 ,4977 ,1922, ﻿37.9763°N 121.3133°W﻿ ,michael tubbs ,utc−7 (pdt),209
62,Henderson,Nevada,310390,257729,+20.43,104.7  ,271.2 ,2798 ,1080, ﻿36.0097°N 115.0357°W﻿ ,debra march ,utc−7 (pdt),702 and 725
63,Saint Paul,Minnesota,307695,285068,+7.94,52.0  ,134.7 ,5815 ,2245, ﻿44.9489°N 93.1041°W﻿ ,melvin carter ,utc−5 (cdt),651
64,St. Louis,Missouri,302838,319294,−5.15,62.0  ,160.6 ,5023 ,1939, ﻿38.6357°N 90.2446°W﻿ ,lyda krewson ,utc−5 (cdt),314
65,Cincinnati,Ohio,302605,296943,+1.91,77.4  ,200.5 ,3860 ,1490, ﻿39.1402°N 84.5058°W﻿ ,john cranley ,utc−4 (edt),"513 
937"
66,Pittsburgh,Pennsylvania,301048,305704,−1.52,55.4  ,143.5 ,5481 ,2116, ﻿40.4398°N 79.9766°W﻿ ,bill peduto ,utc−4 (eastern daylight time),412 724 878
67,Greensboro,North Carolina,294722,269666,+9.29,128.3  ,332.3 ,2237 ,864, ﻿36.0951°N 79.8270°W﻿ ,nancy b. vaughan ,utc−4 (edt),336
68,Anchorage,Alaska,291538,291826,−0.10,1706.6  ,4420.1 ,175 ,68, ﻿61.1743°N 149.2843°W﻿ ,ethan berkowitz ,utc-8 (akdt),907
69,Plano,Texas,288061,259841,+10.86,71.7  ,185.7 ,3990 ,1540, ﻿33.0508°N 96.7479°W﻿ ,harry larosiliere ,utc−5 (cdt),214 469 972
70,Lincoln,Nebraska,287401,258379,+11.23,92.1  ,238.5 ,3044 ,1175, ﻿40.8105°N 96.6803°W﻿ ,leirion gaylor baird ,utc-5 (cdt),402 531
71,Orlando,Florida,285713,238300,+19.90,105.2  ,272.5 ,2635 ,1017, ﻿28.4166°N 81.2736°W﻿ ,buddy dyer ,utc−4 (edt),321 407
72,Irvine,California,282572,212375,+33.05,65.6  ,169.9 ,4057 ,1566, ﻿33.6784°N 117.7713°W﻿ ,christina l. shea,utc−7 (pdt),949 657/714
73,Newark,New Jersey,282090,277140,+1.79,24.1  ,62.4 ,11691 ,4514, ﻿40.7242°N 74.1726°W﻿ ,ras baraka ,utc−4 (eastern (edt)),862/973[21]
74,Toledo,Ohio,274975,287208,−4.26,80.7  ,209.0 ,3451 ,1332, ﻿41.6641°N 83.5819°W﻿ ,wade kapszukiewicz ,utc−4 (edt),419 567
75,Durham,North Carolina,274291,228330,+20.13,109.8  ,284.4 ,2395 ,925, ﻿35.9811°N 78.9029°W﻿ ,steve schewel,utc−4 (edt),919
76,Chula Vista,California,271651,243916,+11.37,49.6  ,128.5 ,5387 ,2080, ﻿32.6277°N 117.0152°W﻿ ,nan,utc-7 (pdt),619
77,Fort Wayne,Indiana,267633,253691,+5.50,110.6  ,286.5 ,2391 ,923, ﻿41.0882°N 85.1439°W﻿ ,tom henry ,utc−04:00 (edt),260
78,Jersey City,New Jersey,265549,247597,+7.25,14.8  ,38.3 ,17848 ,6891, ﻿40.7114°N 74.0648°W﻿ ,steven fulop,utc−4 (eastern (edt)),201[25]
79,St. Petersburg,Florida,265098,244769,+8.31,61.8  ,160.1 ,4223 ,1631, ﻿27.7620°N 82.6441°W﻿ ,nan,nan,nan
80,Laredo,Texas,261639,236091,+10.82,101.1  ,261.8 ,2544 ,982, ﻿27.5604°N 99.4892°W﻿ ,pete saenz ,utc−5 (cst),956
81,Madison,Wisconsin,258054,233209,+10.65,77.0  ,199.4 ,3280 ,1270, ﻿43.0878°N 89.4299°W﻿ ,satya rhodes-conway ,utc−5 (cdt),nan
82,Chandler,Arizona,257165,236123,+8.91,64.9  ,168.1 ,3813 ,1472, ﻿33.2829°N 111.8549°W﻿ ,kevin hartke,nan,480
83,Buffalo,New York,256304,261310,−1.92,40.4  ,104.6 ,6359 ,2455, ﻿42.8925°N 78.8597°W﻿ ,byron brown ,utc−04:00 (edt),716
84,Lubbock,Texas,255885,229573,+11.46,124.6  ,322.7 ,2027 ,783, ﻿33.5656°N 101.8867°W﻿ ,dan pope ,utc−5 (cdt),806
85,Scottsdale,Arizona,255310,217385,+17.45,183.9  ,476.3 ,1341 ,518, ﻿33.6843°N 111.8611°W﻿ ,nan,nan,nan
86,Reno,Nevada,250998,225221,+11.45,107.3  ,277.9 ,2286 ,883, ﻿39.5491°N 119.8499°W﻿ ,hillary schieve ,utc−7 (pdt),775
87,Glendale,Arizona,250702,226721,+10.58,59.1  ,153.1 ,4161 ,1607, ﻿33.5331°N 112.1899°W﻿ ,jerry weiers ,nan,623 and 602
88,Gilbert,Arizona,248279,208453,+19.11,68.0  ,176.1 ,3487 ,1346, ﻿33.3103°N 111.7431°W﻿ ,jenn daniels ,nan,480
89,Winston–Salem,North Carolina,246328,229617,+7.28,132.5  ,343.2 ,1828 ,706, ﻿36.1027°N 80.2610°W﻿ ,allen joines ,utc−4 (edt),nan
90,North Las Vegas,Nevada,245949,216961,+13.36,98.0  ,253.8 ,2436 ,941, ﻿36.2857°N 115.0939°W﻿ ,nan,nan,nan
91,Norfolk,Virginia,244076,242803,+0.52,53.3  ,138.0 ,4599 ,1776, ﻿36.9230°N 76.2446°W﻿ ,kenny alexander ,utc−4 (edt),757
92,Chesapeake,Virginia,242634,222209,+9.19,338.5  ,876.7 ,703 ,271, ﻿36.6794°N 76.3018°W﻿ ,"dr. richard w. ""rick"" west ",utc−4 (edt),757
93,Garland,Texas,242507,226876,+6.89,57.0  ,147.6 ,4122 ,1592, ﻿32.9098°N 96.6303°W﻿ ,nan,utc-5 (cdt),214 972 469
94,Irving,Texas,242242,216290,+12.00,67.0  ,173.5 ,3557 ,1373, ﻿32.8577°N 96.9700°W﻿ ,nan,utc-5 (cdt),972 817 469 214
95,Hialeah,Florida,238942,224669,+6.35,21.5  ,55.7 ,10995 ,4245, ﻿25.8699°N 80.3029°W﻿ ,carlos hernández ,utc−4 (edt),305 786
96,Fremont,California,237807,214089,+11.08,77.5  ,200.7 ,3008 ,1161, ﻿37.4945°N 121.9412°W﻿ ,nan,utc−7 (pdt),510
97,Boise,Idaho,228790,205671,+11.24,82.1  ,212.6 ,2718 ,1049, ﻿43.6002°N 116.2317°W﻿ ,dave bieter ,utc−6 (mdt),208 986
98,Richmond,Virginia,228783,204214,+12.03,59.8  ,154.9 ,3732 ,1441, ﻿37.5314°N 77.4760°W﻿ ,levar stoney ,utc-4 (edt),804
99,Baton Rouge,Louisiana,221599,229493,−3.44,85.9  ,222.5 ,2651 ,1024, ﻿30.4422°N 91.1309°W﻿ ,nan,utc−5 (cdt),225
100,Spokane,Washington,219190,208916,+4.92,68.7  ,177.9 ,3144 ,1214, ﻿47.6669°N 117.4333°W﻿ ,david condon ,utc−7 (pdt),509
101,Des Moines,Iowa,216853,203433,+6.60,88.9  ,230.2 ,2424 ,936, ﻿41.5726°N 93.6102°W﻿ ,frank cownie ,utc-5 (cdt),515
102,Tacoma,Washington,216279,198397,+9.01,49.7  ,128.7 ,4251 ,1641, ﻿47.2522°N 122.4598°W﻿ ,victoria woodards  since 2018,utc−7 (pdt),253
103,San Bernardino,California,215941,209924,+2.87,61.5  ,159.3 ,3516 ,1358, ﻿34.1416°N 117.2936°W﻿ ,john valdivia,utc−7 (pdt),909
104,Modesto,California,215030,201165,+6.89,43.0  ,111.4 ,4934 ,1905, ﻿37.6375°N 121.0030°W﻿ ,nan,nan,nan
105,Fontana,California,213739,196069,+9.01,43.0  ,111.4 ,4876 ,1883, ﻿34.1090°N 117.4629°W﻿ ,nan,utc-7 (pdt),909 951[13]
106,Santa Clarita,California,210089,176320,+19.15,52.8  ,136.8 ,3446 ,1331, ﻿34.4030°N 118.5042°W﻿ ,marsha mclean,utc−07:00 (pdt),661
107,Birmingham,Alabama,209880,212237,−1.11,146.1  ,378.4 ,1452 ,561, ﻿33.5274°N 86.7990°W﻿ ,randall woodfin ,utc−5 (cdt),205
108,Oxnard,California,209877,197899,+6.05,26.9  ,69.7 ,7729 ,2984, ﻿34.2023°N 119.2046°W﻿ ,nan,utc−7 (pdt),805
109,Fayetteville,North Carolina,209468,200564,+4.44,147.7  ,382.5 ,1386 ,535, ﻿35.0828°N 78.9735°W﻿ ,mitch colvin ,utc−4 (edt),910
110,Moreno Valley,California,209050,193365,+8.11,51.3  ,132.9 ,4006 ,1547, ﻿33.9233°N 117.2057°W﻿ ,nan,utc−7 (pdt),909 951
111,Rochester,New York,206284,210565,−2.03,35.8  ,92.7 ,5835 ,2253, ﻿43.1699°N 77.6169°W﻿ ,nan,nan,nan
112,Glendale,California,201361,191719,+5.03,30.4  ,78.7 ,6606 ,2551, ﻿34.1814°N 118.2458°W﻿ ,nan,utc−7 (pdt),747 and 818
113,Huntington Beach,California,200641,189992,+5.60,26.9  ,69.7 ,7459 ,2880, ﻿33.6906°N 118.0093°W﻿ ,nan,utc−7 (pdt),562 657/714
114,Salt Lake City,Utah,200591,186440,+7.59,111.2  ,288.0 ,1742 ,673, ﻿40.7769°N 111.9310°W﻿ ,jackie biskupski ,utc−6,801 385
115,Grand Rapids,Michigan,200217,188040,+6.48,44.4  ,115.0 ,4424 ,1708, ﻿42.9612°N 85.6556°W﻿ ,rosalynn bliss ,utc-4 (edt),616
116,Amarillo,Texas,199924,190695,+4.84,101.4  ,262.6 ,1968 ,760, ﻿35.1999°N 101.8302°W﻿ ,"ginger nelson 
",utc−5 (cdt),806
117,Yonkers,New York,199663,195976,+1.88,18.0  ,46.6 ,11156 ,4307, ﻿40.9459°N 73.8674°W﻿ ,mike spano ,utc-4 (edt),914
118,Aurora,Illinois,199602,197899,+0.86,44.9  ,116.3 ,4479 ,1729, ﻿41.7635°N 88.2901°W﻿ ,richard irvin ,utc−5 (cdt),630 331
119,Montgomery,Alabama,198218,205764,−3.67,159.8  ,413.9 ,1252 ,483, ﻿32.3472°N 86.2661°W﻿ ,todd strange ,utc−5 (cdt),334
120,Akron,Ohio,198006,199110,−0.55,62.0  ,160.6 ,3188 ,1231, ﻿41.0805°N 81.5214°W﻿ ,dan horrigan ,utc-4 (edt),234 330
121,Little Rock,Arkansas,197881,193524,+2.25,118.7  ,307.4 ,1673 ,646, ﻿34.7254°N 92.3586°W﻿ ,frank scott jr. ,utc-5 (cdt),501
122,Huntsville,Alabama,197318,180105,+9.56,213.4  ,552.7 ,905 ,349, ﻿34.6990°N 86.6730°W﻿ ,tommy battle ,utc−5 (cdt),256 938
123,Augusta,Georgia,196939,195844,+0.56,302.5  ,783.5 ,652 ,252, ﻿33.3655°N 82.0734°W﻿ ,hardie davis,utc-4 (edt),706 762[6][7]
124,Port St. Lucie,Florida,195248,164603,+18.62,118.9  ,307.9 ,1557 ,601, ﻿27.2806°N 80.3883°W﻿ ,greg oravec[2],utc−4 (edt),nan
125,Grand Prairie,Texas,194614,175396,+10.96,72.3  ,187.3 ,2637 ,1018, ﻿32.6869°N 97.0211°W﻿ ,nan,utc-5 (cdt),972 214 469 817
126,Columbus,Georgia,194160,189885,+2.25,216.4  ,560.5 ,913 ,353, ﻿32.5102°N 84.8749°W﻿ ,"b. h. ""skip"" henderson iii ",utc−4 (edt),706 762
127,Tallahassee,Florida,193551,181376,+6.71,100.4  ,260.0 ,1901 ,734, ﻿30.4551°N 84.2534°W﻿ ,john dailey ,utc−4 (edt),850
128,Overland Park,Kansas,192536,173372,+11.05,75.1  ,194.5 ,2516 ,971, ﻿38.8890°N 94.6906°W﻿ ,carl r. gerlach[1],utc-5 (cdt),nan
129,Tempe,Arizona,192364,161719,+18.95,40.0  ,103.6 ,4562 ,1761, ﻿33.3884°N 111.9318°W﻿ ,mark mitchell ,nan,480 and 602
130,McKinney,Texas,191645,131117,+46.16,63.0  ,163.2 ,2735 ,1056, ﻿33.1985°N 96.6680°W﻿ ,george fuller[1],utc−5 (cdt),214/469/972
131,Mobile,Alabama,189572,195111,−2.84,139.4  ,361.0 ,1384 ,534, ﻿30.6684°N 88.1002°W﻿ ,sandy stimpson ,utc−5 (cdt),251
132,Cape Coral,Florida,189343,154305,+22.71,105.6  ,273.5 ,1703 ,658, ﻿26.6432°N 81.9974°W﻿ ,joe coviello,utc−04:00 (edt),239
133,Shreveport,Louisiana,188987,199311,−5.18,107.1  ,277.4 ,1820 ,700, ﻿32.4669°N 93.7922°W﻿ ,adrian perkins ,utc−5 (cdt),nan
134,Frisco,Texas,188170,116989,+60.84,67.7  ,175.3 ,2417 ,933, ﻿33.1554°N 96.8226°W﻿ ,nan,utc-5 (cdt),972/469/214
135,Knoxville,Tennessee,187500,178874,+4.82,98.5  ,255.1 ,1891 ,730, ﻿35.9707°N 83.9493°W﻿ ,madeline rogero ,utc−4 (edt),865
136,Worcester,Massachusetts,185877,181045,+2.67,37.4  ,96.9 ,4933 ,1905, ﻿42.2695°N 71.8078°W﻿ ,joseph petty ,utc-4 (eastern),508 / 774
137,Brownsville,Texas,183392,175023,+4.78,132.5  ,343.2 ,1387 ,536, ﻿25.9991°N 97.4550°W﻿ ,vacant,utc-5 (cdt),956
138,Vancouver,Washington,183012,161791,+13.12,46.9  ,121.5 ,3728 ,1439, ﻿45.6349°N 122.5957°W﻿ ,anne mcenerny-ogle,utc−7 (pdt),nan
139,Fort Lauderdale,Florida,182595,165521,+10.32,34.6  ,89.6 ,5166 ,1995, ﻿26.1412°N 80.1467°W﻿ ,nan,nan,nan
140,Sioux Falls,South Dakota,181883,153888,+18.19,75.4  ,195.3 ,2312 ,893, ﻿43.5383°N 96.7320°W﻿ ,nan,nan,nan
141,Ontario,California,181107,163924,+10.48,49.9  ,129.2 ,3471 ,1340, ﻿34.0394°N 117.6042°W﻿ ,nan,nan,nan
142,Chattanooga,Tennessee,180557,167674,+7.68,143.1  ,370.6 ,1241 ,479, ﻿35.0660°N 85.2484°W﻿ ,andy berke ,utc-4 (edt),423
143,Providence,Rhode Island,179335,178042,+0.73,18.4  ,47.7 ,9740 ,3760, ﻿41.8231°N 71.4188°W﻿ ,jorge elorza ,utc−4 (edt),401
144,Newport News,Virginia,178626,180719,−1.16,69.1  ,179.0 ,2631 ,1016, ﻿37.0762°N 76.5220°W﻿ ,mckinley l. price ,utc−4 (edt),757
145,Rancho Cucamonga,California,177751,165269,+7.55,40.0  ,103.6 ,4413 ,1704, ﻿34.1233°N 117.5642°W﻿ ,nan,utc−7 (pdt),909[12]
146,Santa Rosa,California,177586,167815,+5.82,41.3  ,107.0 ,4241 ,1637, ﻿38.4468°N 122.7061°W﻿ ,tom schwedhelm[3],utc−7 (pdt),707
147,Oceanside,California,176080,167086,+5.38,41.3  ,107.0 ,4249 ,1641, ﻿33.2245°N 117.3062°W﻿ ,nan,utc−7 (pdt),442/760
148,Salem,Oregon,173442,154637,+12.16,48.6  ,125.9 ,3445 ,1330, ﻿44.9237°N 123.0232°W﻿ ,chuck bennett ,utc−7 (pdt),503 and 971
149,Elk Grove,California,172886,153015,+12.99,42.2  ,109.3 ,4022 ,1553, ﻿38.4146°N 121.3850°W﻿ ,steve ly ,utc-7 (pdt),916
150,Garden Grove,California,172646,170883,+1.03,18.0  ,46.6 ,9714 ,3751, ﻿33.7788°N 117.9605°W﻿ ,steven r. jones,utc-7 (pdt),657/714
151,Pembroke Pines,Florida,172374,154019,+11.92,33.0  ,85.5 ,5109 ,1973, ﻿26.0210°N 80.3404°W﻿ ,frank c. ortis ,utc−4 (edt),954 754
152,Peoria,Arizona,172259,154065,+11.81,175.7  ,455.1 ,934 ,361, ﻿33.7862°N 112.3080°W﻿ ,nan,nan,nan
153,Eugene,Oregon,171245,156185,+9.64,44.1  ,114.2 ,3777 ,1458, ﻿44.0567°N 123.1162°W﻿ ,lucy vinis ,utc-7 (pdt),458 and 541
154,Corona,California,168819,152374,+10.79,39.5  ,102.3 ,4222 ,1630, ﻿33.8620°N 117.5655°W﻿ ,jason scott[4],utc-7 (pdt),951
155,Cary,North Carolina,168160,135234,+24.35,56.5  ,146.3 ,2873 ,1109, ﻿35.7809°N 78.8133°W﻿ ,harold weinbrecht ,utc-4 (edt),919 984
156,Springfield,Missouri,168122,159498,+5.41,82.3  ,213.2 ,2033 ,785, ﻿37.1942°N 93.2913°W﻿ ,ken mcclure,utc−5 (cdt),417
157,Fort Collins,Colorado,167830,143986,+16.56,55.8  ,144.5 ,2943 ,1136, ﻿40.5482°N 105.0648°W﻿ ,wade troxell,utc−6 (mdt),970
158,Jackson,Mississippi,164422,173514,−5.24,111.0  ,287.5 ,1524 ,588, ﻿32.3158°N 90.2128°W﻿ ,chokwe antar lumumba ,utc−5 (cdt),601 769
159,Alexandria,Virginia,160530,139966,+14.69,15.0  ,38.8 ,10387 ,4010, ﻿38.8201°N 77.0841°W﻿ ,justin wilson ,utc-4 (edt),571 703
160,Hayward,California,159620,144186,+10.70,45.5  ,117.8 ,3493 ,1349, ﻿37.6287°N 122.1024°W﻿ ,barbara halliday[6],utc−7 (pdt),510
161,Lancaster,California,159053,156633,+1.55,94.3  ,244.2 ,1698 ,656, ﻿34.6936°N 118.1753°W﻿ ,r. rex parris[3],utc-7 (pdt),661
162,Lakewood,Colorado,156798,142980,+9.66,42.9  ,111.1 ,3599 ,1390, ﻿39.6989°N 105.1176°W﻿ ,adam paul,utc-6 (mdt),both 303 and 720
163,Clarksville,Tennessee,156794,132929,+17.95,98.3  ,254.6 ,1529 ,590, ﻿36.5664°N 87.3452°W﻿ ,joe pitts,utc−5 (cdt),931
164,Palmdale,California,156667,152750,+2.56,106.0  ,274.5 ,1484 ,573, ﻿34.5910°N 118.1054°W﻿ ,nan,utc−7 (pdt),661
165,Salinas,California,156259,150441,+3.87,23.6  ,61.1 ,6662 ,2572, ﻿36.6902°N 121.6337°W﻿ ,joe gunter[4],utc−7 (pdt),831
166,Springfield,Massachusetts,155032,153060,+1.29,31.9  ,82.6 ,4830 ,1860, ﻿42.1155°N 72.5400°W﻿ ,domenic sarno ,utc−4 (eastern),413
167,Hollywood,Florida,154823,140768,+9.98,27.3  ,70.7 ,5568 ,2150, ﻿26.0310°N 80.1646°W﻿ ,nan,nan,nan
168,Pasadena,Texas,153219,149043,+2.80,43.5  ,112.7 ,3525 ,1361, ﻿29.6586°N 95.1506°W﻿ ,jeff wagner,utc−5 (cdt),713 281 346 and 832
169,Sunnyvale,California,153185,140081,+9.35,22.0  ,57.0 ,6944 ,2681, ﻿37.3858°N 122.0263°W﻿ ,larry klein[2],utc−7 (pdt),408/669 and 650
170,Macon,Georgia,153095,91351,+67.59,249.3  ,645.7 ,612 ,236, ﻿32.8088°N 83.6942°W﻿ ,robert reichert ,utc−4 (edt),478
171,Kansas City,Kansas,152958,145786,+4.92,124.8  ,323.2 ,1216 ,470, ﻿39.1225°N 94.7418°W﻿ ,david alvey,utc−5 (cdt),913
172,Pomona,California,152361,149058,+2.22,23.0  ,59.6 ,6630 ,2560, ﻿34.0585°N 117.7611°W﻿ ,nan,utc−7 (pdt),909
173,Escondido,California,152213,143911,+5.77,37.1  ,96.1 ,4087 ,1578, ﻿33.1331°N 117.0740°W﻿ ,paul mcnamara ,utc−7 (pdt),442/760
174,Killeen,Texas,149103,127921,+16.56,53.5  ,138.6 ,2680 ,1030, ﻿31.0777°N 97.7320°W﻿ ,nan,utc-5 (cdt),254
175,Naperville,Illinois,148304,141853,+4.55,38.7  ,100.2 ,3802 ,1468, ﻿41.7492°N 88.1620°W﻿ ,nan,nan,nan
176,Joliet,Illinois,148099,147433,+0.45,64.4  ,166.8 ,2302 ,889, ﻿41.5177°N 88.1488°W﻿ ,bob o'dekirk ,utc-5 (cdt),815 779
177,Bellevue,Washington,147599,122363,+20.62,33.5  ,86.8 ,4221 ,1630, ﻿47.5979°N 122.1565°W﻿ ,john chelminiak,utc−7 (pdt),425
178,Rockford,Illinois,146526,152871,−4.15,63.5  ,164.5 ,2325 ,898, ﻿42.2588°N 89.0646°W﻿ ,thomas mcnamara ,utc−5 (cdt),815 779
179,Savannah,Georgia,145862,136286,+7.03,103.6  ,268.3 ,1417 ,547, ﻿32.0025°N 81.1536°W﻿ ,eddie deloach ,utc−4 (edt),912
180,Paterson,New Jersey,145627,146199,−0.39,8.4  ,21.8 ,17500 ,6800, ﻿40.9148°N 74.1628°W﻿ ,andre sayegh,utc−4 (eastern (edt)),201 and 973[14]
181,Torrance,California,145182,145438,−0.18,20.5  ,53.1 ,7180 ,2770, ﻿33.8350°N 118.3414°W﻿ ,nan,utc−7 (pdt),310/424
182,Bridgeport,Connecticut,144900,144229,+0.47,16.1  ,41.7 ,9064 ,3500, ﻿41.1874°N 73.1958°W﻿ ,joe ganim ,utc-4 (eastern),203/475
183,McAllen,Texas,143433,129877,+10.44,58.4  ,151.3 ,2435 ,940, ﻿26.2322°N 98.2464°W﻿ ,nan,utc−5 (cdt),956
184,Mesquite,Texas,142816,139824,+2.14,47.2  ,122.2 ,3045 ,1176, ﻿32.7629°N 96.5888°W﻿ ,nan,utc-5 (cdt),214 469 972
185,Syracuse,New York,142749,145170,−1.67,25.0  ,64.7 ,5735 ,2214, ﻿43.0410°N 76.1436°W﻿ ,ben walsh ,utc−4 (eastern daylight time),nan
186,Midland,Texas,142344,111147,+28.07,74.4  ,192.7 ,1809 ,698, ﻿32.0246°N 102.1135°W﻿ ,jerry morales[1],utc−5 (cdt),432
187,Pasadena,California,141371,137122,+3.10,23.0  ,59.6 ,6176 ,2385, ﻿34.1606°N 118.1396°W﻿ ,terry tornek[3],utc−7 (pdt),323 626
188,Murfreesboro,Tennessee,141344,108755,+29.97,55.9  ,144.8 ,2360 ,910, ﻿35.8522°N 86.4160°W﻿ ,shane mcfarland ,utc−5 (cdt),615 629
189,Miramar,Florida,140823,122041,+15.39,29.4  ,76.1 ,4709 ,1818, ﻿25.9770°N 80.3358°W﻿ ,wayne m. messam,utc-4 (edt),754 954
190,Dayton,Ohio,140640,141527,−0.63,55.7  ,144.3 ,2522 ,974, ﻿39.7774°N 84.1996°W﻿ ,nan whaley ,utc-4 (edt),937
191,Fullerton,California,139640,135161,+3.31,22.4  ,58.0 ,6282 ,2425, ﻿33.8857°N 117.9280°W﻿ ,nan,utc-7 (pdt),562 657/714
192,Olathe,Kansas,139605,125872,+10.91,60.9  ,157.7 ,2225 ,859, ﻿38.8843°N 94.8195°W﻿ ,michael copeland,utc-5 (cdt),913
193,Orange,California,139484,136416,+2.25,25.4  ,65.8 ,5532 ,2136, ﻿33.7870°N 117.8613°W﻿ ,nan,utc−07:00 (pdt),657/714
194,Thornton,Colorado,139436,118772,+17.40,35.7  ,92.5 ,3829 ,1478, ﻿39.9194°N 104.9428°W﻿ ,heidi k. williams ,utc−6 (mdt),both 303 and 720
195,Roseville,California,139117,118788,+17.11,43.0  ,111.4 ,3085 ,1191, ﻿38.7690°N 121.3189°W﻿ ,susan rohan[2],utc−7 (pdt),916
196,Denton,Texas,138541,113383,+22.19,93.4  ,241.9 ,1433 ,553, ﻿33.2166°N 97.1414°W﻿ ,nan,utc-5 (cst),940 817[5]
197,Waco,Texas,138183,124805,+10.72,89.0  ,230.5 ,1510 ,580, ﻿31.5601°N 97.1860°W﻿ ,nan,utc−5 (central),254
198,Surprise,Arizona,138161,117517,+17.57,107.9  ,279.5 ,1230 ,470, ﻿33.6706°N 112.4527°W﻿ ,skip hall,nan,623
199,Carrollton,Texas,136879,119097,+14.93,36.3  ,94.0 ,3674 ,1419, ﻿32.9884°N 96.8998°W﻿ ,kevin falconer,utc-5 (central),972
200,West Valley City,Utah,136401,129480,+5.35,35.5  ,91.9 ,3847 ,1485, ﻿40.6885°N 112.0118°W﻿ ,nan,nan,nan
201,Charleston,South Carolina,136208,120083,+13.43,109.0  ,282.3 ,1233 ,476, ﻿32.8179°N 79.9590°W﻿ ,john tecklenburg ,utc-4 (edt),843 and 854
202,Warren,Michigan,134587,134056,+0.40,34.4  ,89.1 ,3928 ,1517, ﻿42.4929°N 83.0250°W﻿ ,james r. fouts ,utc-4 (edt),586
203,Hampton,Virginia,134313,137436,−2.27,51.5  ,133.4 ,2629 ,1015, ﻿37.0480°N 76.2971°W﻿ ,donnie tuck ,utc-4 (edt),nan
204,Gainesville,Florida,133857,124354,+7.64,62.3  ,161.4 ,2112 ,815, ﻿29.6788°N 82.3461°W﻿ ,lauren poe ,utc−4 (edt),352
205,Visalia,California,133800,124442,+7.52,37.5  ,97.1 ,3495 ,1349, ﻿36.3273°N 119.3289°W﻿ ,nan,utc-7 (pdt),559
206,Coral Springs,Florida,133507,121096,+10.25,23.8  ,61.6 ,5465 ,2110, ﻿26.2707°N 80.2593°W﻿ ,nan,utc-4 (edt),754 and 954
207,Columbia,South Carolina,133451,129272,+3.23,133.5  ,345.8 ,1006 ,388, ﻿34.0291°N 80.8980°W﻿ ,stephen k. benjamin ,utc-4 (edt),803
208,Cedar Rapids,Iowa,133174,126326,+5.42,70.8  ,183.4 ,1852 ,715, ﻿41.9670°N 91.6778°W﻿ ,brad hart ,utc-5 (cdt),319
209,Sterling Heights,Michigan,132964,129699,+2.52,36.5  ,94.5 ,3628 ,1401, ﻿42.5812°N 83.0303°W﻿ ,michael c. taylor,utc−4 (edt),586
210,New Haven,Connecticut,130418,129779,+0.49,18.7  ,48.4 ,6948 ,2683, ﻿41.3108°N 72.9250°W﻿ ,toni harp ,utc−4 (eastern),203/475
211,Stamford,Connecticut,129775,122643,+5.82,37.6  ,97.4 ,3434 ,1326, ﻿41.0799°N 73.5460°W﻿ ,david martin ,utc-4 (eastern),203/475
212,Concord,California,129688,122067,+6.24,30.5  ,79.0 ,4221 ,1630, ﻿37.9722°N 122.0016°W﻿ ,carlyn obringer[3],utc−7 (pdt),925
213,Kent,Washington,129618,92411,+40.26,33.7  ,87.3 ,3784 ,1461, ﻿47.3880°N 122.2127°W﻿ ,dana ralph ,utc-7 (pdt),253
214,Santa Clara,California,129488,116468,+11.18,18.4  ,47.7 ,6845 ,2643, ﻿37.3646°N 121.9679°W﻿ ,nan,utc−7 (pdt),408/669
215,Elizabeth,New Jersey,128885,124969,+3.13,12.3  ,31.9 ,10459 ,4038, ﻿40.6664°N 74.1935°W﻿ ,"j. christian ""chris"" bollwage ",utc−04:00 (eastern (edt)),908[17]
216,Round Rock,Texas,128739,99887,+28.88,35.6  ,92.2 ,3396 ,1311, ﻿30.5252°N 97.6660°W﻿ ,nan,utc−5 (cdt),512 & 737
217,Thousand Oaks,California,127690,126683,+0.79,55.2  ,143.0 ,2335 ,902, ﻿34.1933°N 118.8742°W﻿ ,andy fox ,utc−7 (pdt),805/820
218,Lafayette,Louisiana,126143,120623,+4.58,53.8  ,139.3 ,2372 ,916, ﻿30.2074°N 92.0285°W﻿ ,nan,nan,nan
219,Athens,Georgia,125964,115452,+9.11,116.4  ,301.5 ,1060 ,410, ﻿33.9496°N 83.3701°W﻿ ,kelly girtz [1],utc−4 (edt),706/762
220,Topeka,Kansas,125904,127473,−1.23,61.5  ,159.3 ,2062 ,796, ﻿39.0347°N 95.6962°W﻿ ,michelle de la isla[3],utc-5 (cdt),785
221,Simi Valley,California,125851,124237,+1.30,41.5  ,107.5 ,3044 ,1175, ﻿34.2669°N 118.7485°W﻿ ,nan,utc−7 (pdt),805
222,Fargo,North Dakota,124844,105549,+18.28,49.3  ,127.7 ,2450 ,950, ﻿46.8652°N 96.8290°W﻿ ,tim mahoney,utc-5 (cdt),701
223,Norman,Oklahoma,123471,110925,+11.31,178.8  ,463.1 ,683 ,264, ﻿35.2406°N 97.3453°W﻿ ,lynne miller,utc−5 (cdt),405
224,Columbia,Missouri,123180,108500,+13.53,65.0  ,168.3 ,1856 ,717, ﻿38.951561°N 92.328638°W﻿ ,brian treece[3],utc-5 (cdt),573
225,Abilene,Texas,122999,117063,+5.07,106.7  ,276.4 ,1146 ,442, ﻿32.4545°N 99.7381°W﻿ ,nan,utc−5 (cdt),325
226,Wilmington,North Carolina,122607,106476,+15.15,51.6  ,133.6 ,2278 ,880, ﻿34.2092°N 77.8858°W﻿ ,nan,nan,nan
227,Hartford,Connecticut,122587,124775,−1.75,17.4  ,45.1 ,7083 ,2735, ﻿41.7659°N 72.6816°W﻿ ,luke bronin ,utc−4 (edt),860/959
228,Victorville,California,122312,115903,+5.53,73.3  ,189.8 ,1668 ,644, ﻿34.5277°N 117.3536°W﻿ ,gloria garcia[4],utc-7 (pdt),442/760[10]
229,Pearland,Texas,122149,91252,+33.86,46.3  ,119.9 ,2453 ,947, ﻿29.5558°N 95.3231°W﻿ ,nan,nan,nan
230,Vallejo,California,121913,115942,+5.15,30.7  ,79.5 ,3951 ,1525, ﻿38.1079°N 122.2640°W﻿ ,bob sampayan[2],utc−7 (pdt),707
231,Ann Arbor,Michigan,121890,113934,+6.98,28.1  ,72.8 ,4298 ,1659, ﻿42.2761°N 83.7309°W﻿ ,christopher taylor ,utc-4 (edt),734
232,Berkeley,California,121643,112580,+8.05,10.5  ,27.2 ,11547 ,4458, ﻿37.8670°N 122.2991°W﻿ ,jesse arreguín[3],utc−7 (pdt),510
233,Allentown,Pennsylvania,121433,118032,+2.88,17.5  ,45.3 ,6882 ,2657, ﻿40.5936°N 75.4784°W﻿ ,ray o'connell ,utc−4 (edt),610 484
234,Richardson,Texas,120981,99223,+21.93,28.6  ,74.1 ,3963 ,1530, ﻿32.9723°N 96.7081°W﻿ ,nan,utc−5 (cdt),214 469 972
235,Odessa,Texas,120568,99940,+20.64,45.2  ,117.1 ,2608 ,1007, ﻿31.8838°N 102.3411°W﻿ ,nan,utc−5 (cdt),432
236,Arvada,Colorado,120492,106433,+13.21,38.6  ,100.0 ,3043 ,1175, ﻿39.8337°N 105.1503°W﻿ ,marc williams[5] ,utc−6 (mdt),both 303 and 720
237,Cambridge,Massachusetts,118977,105162,+13.14,6.4  ,16.6 ,17289 ,6675, ﻿42.3760°N 71.1187°W﻿ ,marc c. mcgovern,utc−4 (eastern),617 / 857
238,Sugar Land,Texas,118600,78817,+50.48,34.0  ,88.1 ,3488 ,1347, ﻿29.5994°N 95.6142°W﻿ ,nan,nan,nan
239,Beaumont,Texas,118428,118296,+0.11,82.1  ,212.6 ,1441 ,556, ﻿30.0849°N 94.1453°W﻿ ,nan,utc−5 (cdt),409
240,Lansing,Michigan,118427,114297,+3.61,39.1  ,101.3 ,2967 ,1146, ﻿42.7143°N 84.5593°W﻿ ,andy schor ,utc-4 (edt),517
241,Evansville,Indiana,117963,117429,+0.45,47.3  ,122.5 ,2526 ,975, ﻿37.9877°N 87.5347°W﻿ ,lloyd winnecke ,utc-5 (cdt),812 & 930
242,Rochester,Minnesota,116961,106769,+9.55,54.6  ,141.4 ,2088 ,806, ﻿44.0154°N 92.4772°W﻿ ,kim norton[2] ,utc−5 (cdt),507
243,Independence,Missouri,116925,116830,+0.08,77.8  ,201.5 ,1504 ,581, ﻿39.0855°N 94.3521°W﻿ ,eileen weir,utc−5 (cdt),816
244,Fairfield,California,116884,105321,+10.98,40.9  ,105.9 ,2806 ,1083, ﻿38.2593°N 122.0321°W﻿ ,harry t. price[3],utc−7 (pdt),707
245,Provo,Utah,116702,112488,+3.75,41.7  ,108.0 ,2803 ,1082, ﻿40.2453°N 111.6448°W﻿ ,michelle kaufusi,utc−6 (mdt),385 801
246,Clearwater,Florida,116478,107685,+8.17,25.9  ,67.1 ,4415 ,1705, ﻿27.9789°N 82.7666°W﻿ ,nan,nan,nan
247,College Station,Texas,116218,93857,+23.82,51.0  ,132.1 ,2199 ,849, ﻿30.5852°N 96.2964°W﻿ ,karl mooney,utc-5 (cdt),979
248,West Jordan,Utah,116046,103712,+11.89,32.3  ,83.7 ,3520 ,1360, ﻿40.6024°N 112.0008°W﻿ ,nan,utc−6 (mdt),385 801
249,Carlsbad,California,115877,105328,+10.02,37.7  ,97.6 ,3023 ,1167, ﻿33.1239°N 117.2828°W﻿ ,carl armstrong-champ,utc−7 (pdt),442/760
250,El Monte,California,115586,113475,+1.86,9.6  ,24.9 ,12063 ,4658, ﻿34.0746°N 118.0291°W﻿ ,andre quintero[2],utc−7 (pdt),626
251,Murrieta,California,114985,103466,+11.13,33.6  ,87.0 ,3324 ,1283, ﻿33.5721°N 117.1904°W﻿ ,nan,utc−7 (pdt),951
252,Temecula,California,114742,100097,+14.63,37.3  ,96.6 ,3031 ,1170, ﻿33.4931°N 117.1317°W﻿ ,nan,utc−7 (pdt),951
253,Springfield,Illinois,114694,116250,−1.34,60.1  ,155.7 ,1925 ,743, ﻿39.7911°N 89.6446°W﻿ ,jim langfelder ,utc−5 (cdt),217
254,Palm Bay,Florida,114194,103190,+10.66,65.7  ,170.2 ,1676 ,647, ﻿27.9856°N 80.6626°W﻿ ,william capote,utc−4 (edt),321
255,Costa Mesa,California,113615,109960,+3.32,15.7  ,40.7 ,7186 ,2775, ﻿33.6659°N 117.9123°W﻿ ,nan,nan,nan
256,Westminster,Colorado,113479,106114,+6.94,31.7  ,82.1 ,3592 ,1387, ﻿39.8822°N 105.0644°W﻿ ,herb atchison,utc−6 (mdt),both 303 and 720
257,North Charleston,South Carolina,113237,97471,+16.18,73.7  ,190.9 ,1483 ,573, ﻿32.9178°N 80.0650°W﻿ ,r. keith summey,utc−4 (edt),nan
258,Miami Gardens,Florida,113069,107167,+5.51,18.2  ,47.1 ,6212 ,2398, ﻿25.9489°N 80.2436°W﻿ ,oliver g. gilbert iii,utc-4 (edt),305 786
259,Manchester,New Hampshire,112525,109565,+2.70,33.1  ,85.7 ,3339 ,1289, ﻿42.9849°N 71.4441°W﻿ ,joyce craig ,utc-4 (eastern),603
260,High Point,North Carolina,112316,104371,+7.61,55.2  ,143.0 ,2015 ,778, ﻿35.9900°N 79.9905°W﻿ ,jay w. wagner,utc−4 (edt),336
261,Downey,California,112269,111772,+0.44,12.4  ,32.1 ,9134 ,3527, ﻿33.9382°N 118.1309°W﻿ ,nan,utc-7 (pdt),562
262,Clovis,California,112022,95631,+17.14,24.2  ,62.7 ,4404 ,1700, ﻿36.8282°N 119.6849°W﻿ ,bob whalen [3],utc−7 (pdt),559
263,Pompano Beach,Florida,111954,99845,+12.13,24.0  ,62.2 ,4558 ,1760, ﻿26.2416°N 80.1339°W﻿ ,rex hardin,utc−4 (edt),754 954
264,Pueblo,Colorado,111750,106595,+4.84,53.6  ,138.8 ,2058 ,795, ﻿38.2699°N 104.6123°W﻿ ,nick gradisar[5],utc−6 (mdt),719
265,Elgin,Illinois,111683,108188,+3.23,37.4  ,96.9 ,2998 ,1158, ﻿42.0396°N 88.3217°W﻿ ,dave kaptain,utc−5 (central),331 847 and 224
266,Lowell,Massachusetts,111670,106519,+4.84,13.6  ,35.2 ,8129 ,3139, ﻿42.6390°N 71.3211°W﻿ ,william samaras,utc−4 (eastern),978 / 351
267,Antioch,California,111535,102372,+8.95,29.4  ,76.1 ,3772 ,1456, ﻿37.9791°N 121.7962°W﻿ ,sean wright[2],utc−7 (pdt),925
268,West Palm Beach,Florida,111398,99919,+11.49,55.1  ,142.7 ,1963 ,758, ﻿26.7464°N 80.1251°W﻿ ,keith james[2] ,utc−4 (edt),561
269,Peoria,Illinois,111388,115007,−3.15,48.2  ,124.8 ,2371 ,915, ﻿40.7515°N 89.6174°W﻿ ,jim ardis,utc−5 (cdt),309
270,Everett,Washington,111262,103019,+8.00,33.3  ,86.2 ,3275 ,1264, ﻿47.9566°N 122.1914°W﻿ ,cassie franklin,utc−7 (pdt),425
271,Ventura,California,111128,106433,+4.41,21.8  ,56.5 ,5027 ,1941, ﻿34.2678°N 119.2542°W﻿ ,neal andrews[2],utc−7 (pdt),805
272,Centennial,Colorado,110831,100377,+10.41,29.5  ,76.4 ,3727 ,1439, ﻿39.5906°N 104.8691°W﻿ ,cathy noon,utc-6 (mdt),both 303 and 720
273,Lakeland,Florida,110516,97422,+13.44,65.9  ,170.7 ,1615 ,624, ﻿28.0555°N 81.9549°W﻿ ,bill mutz,utc-4 (edt),863
274,Gresham,Oregon,110158,105594,+4.32,23.3  ,60.3 ,4786 ,1848, ﻿45.5023°N 122.4416°W﻿ ,shane bemis ,utc−7 (pacific),503 and 971
275,Richmond,California,110146,103701,+6.21,30.1  ,78.0 ,3648 ,1409, ﻿37.9523°N 122.3606°W﻿ ,nan,utc−7 (pdt),510
276,Billings,Montana,109550,104170,+5.16,43.7  ,113.2 ,2525 ,975, ﻿45.7885°N 108.5499°W﻿ ,bill cole,utc−6 (mountain),406
277,Inglewood,California,109419,109673,−0.23,9.1  ,23.6 ,12160 ,4700, ﻿33.9561°N 118.3443°W﻿ ,nan,utc−7 (pdt),310/424 213/323
278,Broken Arrow,Oklahoma,109171,98850,+10.44,61.7  ,159.8 ,1741 ,672, ﻿36.0365°N 95.7810°W﻿ ,craig thurmond,utc−5 (cdt),539/918
279,Sandy Springs,Georgia,108797,93853,+15.92,37.7  ,97.6 ,2804 ,1083, ﻿33.9315°N 84.3687°W﻿ ,rusty paul[2],utc−4 (edt),404/678/770/470
280,Jurupa Valley,California,108393,0,NA[ab],42.9  ,111.1 ,2414 ,932, ﻿34.0026°N 117.4676°W﻿ ,verne lauritzen,utc-7 (pdt),951
281,Hillsboro,Oregon,108389,91611,+18.31,25.0  ,64.7 ,4207 ,1624, ﻿45.5280°N 122.9357°W﻿ ,steve callaway,utc−7 (pdt),503 and 971
282,Waterbury,Connecticut,108093,110366,−2.06,28.5  ,73.8 ,3799 ,1467, ﻿41.5585°N 73.0367°W﻿ ,neil o'leary ,utc−4 (eastern),203
283,Santa Maria,California,107408,99553,+7.89,22.8  ,59.1 ,4662 ,1800, ﻿34.9332°N 120.4438°W﻿ ,alice patino[3],utc−7 (pdt),805
284,Boulder,Colorado,107353,97385,+10.24,24.8  ,64.2 ,4358 ,1683, ﻿40.0270°N 105.2519°W﻿ ,suzanne jones,utc-6 (mdt),both 303 and 720
285,Greeley,Colorado,107348,92889,+15.57,47.8  ,123.8 ,2176 ,840, ﻿40.4153°N 104.7697°W﻿ ,john gates [4],utc−6 (mdt),970
286,Daly City,California,107008,101123,+5.82,7.6  ,19.7 ,14009 ,5409, ﻿37.7009°N 122.4650°W﻿ ,raymond a. buenaventura[2],utc−7 (pdt),415/628 650
287,Meridian,Idaho,106804,75092,+42.23,29.8  ,77.2 ,3584 ,1384, ﻿43.6142°N 116.3989°W﻿ ,tammy de weerd,utc−6 (mountain),208
288,Lewisville,Texas,106586,95290,+11.85,36.7  ,95.1 ,2852 ,1101, ﻿33.0466°N 96.9818°W﻿ ,nan,utc−5 (central),214 469 972[4]
289,Davie,Florida,106558,91992,+15.83,34.9  ,90.4 ,2919 ,1127, ﻿26.0791°N 80.2850°W﻿ ,nan,nan,nan
290,West Covina,California,106311,106098,+0.20,16.0  ,41.4 ,6740 ,2600, ﻿34.0559°N 117.9099°W﻿ ,nan,nan,nan
291,League City,Texas,106244,83560,+27.15,51.2  ,132.6 ,1992 ,769, ﻿29.4901°N 95.1091°W﻿ ,pat hallisey,utc-5 (cdt),281/346/713/832
292,Tyler,Texas,105729,96900,+9.11,56.6  ,146.6 ,1852 ,715, ﻿32.3173°N 95.3059°W﻿ ,martin heines ,utc−5 (central),430/903
293,Norwalk,California,105120,105549,−0.41,9.7  ,25.1 ,10946 ,4226, ﻿33.9076°N 118.0835°W﻿ ,nan,utc−7 (pdt),562
294,San Mateo,California,105025,97207,+8.04,12.1  ,31.3 ,8592 ,3317, ﻿37.5603°N 122.3106°W﻿ ,diane papan[2],utc−7 (pdt),650
295,Green Bay,Wisconsin,104879,104057,+0.79,45.4  ,117.6 ,2316 ,894, ﻿44.5207°N 87.9842°W﻿ ,eric genrich,utc−5 (cdt),920
296,Wichita Falls,Texas,104576,104553,+0.02,72.2  ,187.0 ,1450 ,560, ﻿33.9067°N 98.5259°W﻿ ,nan,nan,nan
297,Sparks,Nevada,104246,90264,+15.49,35.9  ,93.0 ,2810 ,1080, ﻿39.5544°N 119.7356°W﻿ ,ron smith ,utc−7 (pdt),775
298,Lakewood,New Jersey,104157,92843,+12.19,24.7  ,64.0 ,4079 ,1575, ﻿40.0771°N 74.2004°W﻿ ,raymond coles ,utc-4 (eastern (edt)),732[18]
299,Burbank,California,103695,103340,+0.34,17.4  ,45.1 ,6003 ,2318, ﻿34.1901°N 118.3264°W﻿ ,emily gabel-luddy[2],utc−7 (pdt),747/818
300,Rialto,California,103440,99171,+4.30,22.3  ,57.8 ,4633 ,1789, ﻿34.1118°N 117.3883°W﻿ ,nan,nan,nan
301,Allen,Texas,103383,84246,+22.72,27.1  ,70.2 ,3715 ,1434, ﻿33.0997°N 96.6631°W﻿ ,nan,utc-5 (cdt),214 469 972
302,El Cajon,California,103241,99478,+3.78,14.5  ,37.6 ,7156 ,2763, ﻿32.8017°N 116.9604°W﻿ ,bill wells[2],utc−7 (pdt),619
303,Las Cruces,New Mexico,102926,97618,+5.44,76.9  ,199.2 ,1323 ,511, ﻿32.3264°N 106.7897°W﻿ ,ken miyagishima,utc-6 (dst),nan
304,Renton,Washington,102153,90927,+12.35,23.4  ,60.6 ,4314 ,1666, ﻿47.4761°N 122.1920°W﻿ ,nan,nan,nan
305,Davenport,Iowa,102085,99685,+2.41,62.9  ,162.9 ,1631 ,630, ﻿41.5541°N 90.6040°W﻿ ,frank klipsch [2],utc−5 (cdt),563
306,South Bend,Indiana,101860,101168,+0.68,41.4  ,107.2 ,2457 ,949, ﻿41.6769°N 86.2690°W﻿ ,pete buttigieg ,utc−4 (edt),574
307,Vista,California,101224,93834,+7.88,18.7  ,48.4 ,5436 ,2099, ﻿33.1895°N 117.2386°W﻿ ,judy ritter[2],utc−7 (pdt),442/760
308,Tuscaloosa,Alabama,101113,90468,+11.77,71.7  ,185.7 ,1399 ,540, ﻿33.2065°N 87.5346°W﻿ ,walter maddox ,utc−5 (cdt),205
309,Clinton,Michigan,100800,96796,+4.14,28.1  ,72.8 ,3573 ,1380, ﻿42.5903°N 82.9170°W﻿ ,nan,utc-4 (edt),586
310,Edison,New Jersey,100693,99967,+0.73,30.1  ,78.0 ,3389 ,1309, ﻿40.5040°N 74.3494°W﻿ ,thomas lankey ,utc−4 (eastern (edt)),732 and 908[17]
311,Woodbridge,New Jersey,100450,99585,+0.87,23.3  ,60.3 ,4351 ,1680, ﻿40.5607°N 74.2927°W﻿ ,john mccormac ,utc−4 (eastern (edt)),732[24]
312,San Angelo,Texas,100215,93200,+7.53,59.9  ,155.1 ,1681 ,649, ﻿31.4411°N 100.4505°W﻿ ,nan,utc−5 (cdt),325
313,Kenosha,Wisconsin,100164,99218,+0.95,28.0  ,72.5 ,3577 ,1381, ﻿42.5822°N 87.8456°W﻿ ,john antaramian[2],utc−5 (cdt),262
314,Vacaville,California,100154,92428,+8.36,29.0  ,75.1 ,3449 ,1332, ﻿38.3539°N 121.9728°W﻿ ,ron rowlett[2],utc−7 (pdt),707
